seed,episode,stepaif_action,ql_action,aif_reward,ql_reward,q_pi,G
0,0,0,4,3,-0.01,-0.01,"[3.44948355e-09 3.44948369e-09 3.44948352e-09 3.44948366e-09
 2.27395570e-05 2.43915316e-09 2.43915305e-09 2.43915309e-09
 2.43915314e-09 1.60786051e-05 3.44948352e-09 3.44948366e-09
 3.44948355e-09 3.44948369e-09 2.27395570e-05 2.43915309e-09
 2.43915314e-09 2.43915316e-09 2.43915305e-09 1.60786051e-05
 1.22113023e-01 1.22107456e-01 1.22113023e-01 1.22107456e-01
 5.11481360e-01]","[-19.43057984 -19.43057984 -19.43057985 -19.43057984 -18.88097765
 -19.43057985 -19.43057985 -19.43057985 -19.43057985 -18.88098032
 -19.43057985 -19.43057984 -19.43057984 -19.43057984 -18.88097765
 -19.43057985 -19.43057985 -19.43057985 -19.43057985 -18.88098032
 -18.33151953 -18.33152238 -18.33151953 -18.33152238 -18.24202295]"
0,0,1,3,3,-0.01,-0.01,"[1.07289308e-07 1.07256303e-07 1.07294664e-07 1.07255948e-07
 5.83436286e-05 7.58139263e-08 7.58402212e-08 7.58366922e-08
 7.58135902e-08 4.12355398e-05 1.07294664e-07 1.07255948e-07
 1.07289308e-07 1.07256303e-07 5.83436286e-05 7.58366922e-08
 7.58135902e-08 7.58139263e-08 7.58402212e-08 4.12355398e-05
 1.89597863e-01 1.89413805e-01 1.89597863e-01 1.89413805e-01
 2.41776040e-01]","[-19.01296045 -19.0129794  -19.01295737 -19.01297949 -18.61818583
 -19.01300121 -19.01297994 -19.01298287 -19.0130014  -18.61821375
 -19.01295737 -19.01297949 -19.01296045 -19.0129794  -18.61818583
 -19.01298287 -19.0130014  -19.01300121 -19.01297994 -18.61821375
 -18.09669733 -18.0967564  -18.09669733 -18.0967564  -18.08124683]"
0,0,2,0,4,-0.01,-0.01,"[3.45061928e-09 3.45067611e-09 3.45068529e-09 3.45056033e-09
 2.28597732e-05 2.43989564e-09 2.43986446e-09 2.43990129e-09
 2.43986772e-09 1.61630554e-05 3.45071194e-09 3.45072380e-09
 3.45066167e-09 3.45074203e-09 2.28589451e-05 3.45051278e-09
 3.45058701e-09 3.45060210e-09 3.45061100e-09 2.28594034e-05
 1.22586127e-01 1.22573718e-01 1.22576415e-01 1.22587227e-01
 5.09591722e-01]","[-19.43044764 -19.43044709 -19.43044698 -19.43044834 -18.88052012
 -19.43044886 -19.43044926 -19.43044877 -19.43044922 -18.88052417
 -19.43044677 -19.43044669 -19.43044735 -19.43044653 -18.88052306
 -19.43044884 -19.43044801 -19.43044787 -19.43044777 -18.88052057
 -18.33117172 -18.33117824 -18.33117704 -18.33117101 -18.24211956]"
0,0,3,4,2,-0.01,-0.01,"[3.88634222e-09 3.88646866e-09 3.28282510e-10 4.04670495e-09
 2.55745202e-05 2.74726878e-09 2.72838831e-09 2.32928550e-10
 2.84585475e-09 1.80929457e-05 2.29052133e-10 2.33699878e-10
 2.29661239e-10 2.33672285e-10 1.52418075e-06 9.90573680e-10
 9.95365008e-10 9.95271095e-10 1.58364345e-10 6.57240940e-06
 1.36847069e-01 1.38467270e-01 1.16711730e-02 1.43338266e-01
 5.69624433e-01]","[-19.21502417 -19.21502194 -19.36643455 -19.21258238 -18.66544268
 -19.21514547 -19.21547851 -19.36631798 -19.21302477 -18.66552015
 -19.36716624 -19.36605938 -19.36701842 -19.36606544 -18.81697354
 -19.28053803 -19.28034828 -19.28035308 -19.39248233 -18.73057488
 -18.11613825 -18.11553808 -18.26704736 -18.1134522  -18.02709627]"
0,0,4,0,2,-0.01,0.2,"[1.69865865e-07 1.71079452e-07 4.59408786e-09 1.59278527e-07
 8.83539564e-05 9.67951428e-08 9.38646453e-08 2.92983795e-09
 9.21400131e-08 4.99556710e-05 4.63196883e-09 5.17805091e-09
 5.07913824e-09 5.19301877e-09 2.68571597e-06 3.05252979e-06
 3.28137512e-06 3.28969798e-06 3.88271864e-08 1.70272841e-03
 2.31137384e-01 2.39797790e-01 7.26238465e-03 2.28534022e-01
 2.91414222e-01]","[-18.53651818 -18.53624702 -18.76113578 -18.54047248 -18.1445243
 -18.54999056 -18.55159359 -18.76744574 -18.55290459 -18.15830923
 -18.75273334 -18.74614937 -18.74723631 -18.74600734 -18.35418612
 -18.35694471 -18.35281432 -18.35269308 -18.62926888 -17.96083858
 -17.63616402 -17.63415107 -17.85158762 -17.63701564 -17.62170708]"
0,0,5,3,1,0.2,0.2,"[3.80979633e-09 3.80896377e-09 3.05637061e-09 3.76108036e-09
 2.36812536e-05 2.66034788e-09 2.66171492e-09 2.16194833e-09
 2.63992885e-09 1.65399748e-05 3.33414484e-09 3.36387290e-09
 3.33855946e-09 3.36373005e-09 2.09300424e-05 4.22806470e-09
 4.24611373e-09 4.24593716e-09 3.13702707e-09 2.63940881e-05
 1.30044556e-01 1.30153070e-01 1.05790658e-01 1.29128124e-01
 5.04795992e-01]","[-19.22602993 -19.22604217 -19.23922558 -19.22674323 -18.67976721
 -19.22681669 -19.22675723 -19.2392388  -19.22723809 -18.68054157
 -19.23373045 -19.23325097 -19.23365784 -19.23325309 -18.68693018
 -19.21966158 -19.21946654 -19.21946861 -19.23770685 -18.67320294
 -18.12879338 -18.12878248 -18.14119158 -18.12921417 -18.04387504]"
0,0,6,1,2,-0.01,0.2,"[3.55725730e-09 3.56637159e-09 3.56671468e-09 3.44956438e-09
 2.28668596e-05 2.51890033e-09 2.49359647e-09 2.51910367e-09
 2.45462393e-09 1.61500903e-05 2.47591686e-09 2.50555394e-09
 2.46154799e-09 2.50546340e-09 1.60612330e-05 3.46050952e-09
 3.52482784e-09 3.52471232e-09 3.52489480e-09 2.26008715e-05
 1.24339679e-01 1.25840156e-01 1.25847504e-01 1.22596325e-01
 5.01298609e-01]","[-18.82096166 -18.82083432 -18.82082921 -18.82273406 -18.27274815
 -18.82093911 -18.82148616 -18.82093487 -18.82240606 -18.2728552
 -18.8219185  -18.8212593  -18.82225522 -18.82126539 -18.27319203
 -18.82251415 -18.82147845 -18.82148492 -18.82148229 -18.27339633
 -17.72245439 -17.72179151 -17.72179324 -17.72327687 -17.63527376]"
0,0,7,0,0,0.2,-0.01,"[4.01848060e-09 4.16439773e-09 4.21922242e-09 5.43370955e-10
 2.70123903e-05 4.51691722e-09 4.52125031e-09 4.55962347e-09
 5.27562714e-10 2.93082554e-05 9.27189463e-10 9.15331719e-10
 1.85049321e-10 9.26298436e-10 6.00865043e-06 1.24056185e-09
 1.14223320e-09 1.24061125e-09 1.06410874e-09 8.04779525e-06
 1.39741135e-01 1.37551441e-01 1.41678186e-01 1.81913331e-02
 5.62767493e-01]","[-19.18784448 -19.18592895 -19.18501224 -19.31184338 -18.63717344
 -19.18089646 -19.18083945 -19.18020697 -19.31366537 -18.63212132
 -19.25336866 -19.25396581 -19.35267013 -19.25342659 -18.7046687
 -19.26438889 -19.26918655 -19.26438679 -19.27350022 -18.71562685
 -18.08986604 -18.09061797 -18.08891256 -18.21592785 -18.00269154]"
0,0,8,4,2,-1.0,-1.0,"[3.89511889e-09 3.89306144e-09 3.87571080e-09 1.87338236e-09
 2.54004111e-05 2.58347946e-09 2.56304969e-09 2.58217480e-09
 1.31075538e-09 1.68564570e-05 1.95229848e-09 1.98761250e-09
 1.13290085e-09 1.98730778e-09 1.29656184e-05 2.61069440e-09
 2.75395657e-09 2.75334715e-09 2.42410447e-09 1.79638782e-05
 1.30196428e-01 1.32565700e-01 1.32379353e-01 6.72002383e-02
 5.37585054e-01]","[-18.79043455 -18.79046528 -18.79067001 -18.83510854 -18.24137333
 -18.79447821 -18.79484344 -18.79444283 -18.83588354 -18.24538452
 -18.81125045 -18.81029685 -18.84444043 -18.81030507 -18.26121608
 -18.81332815 -18.81026252 -18.81027455 -18.81780542 -18.26118402
 -17.69478697 -17.6938431  -17.69385789 -17.73529532 -17.60625241]"
0,1,0,2,0,-0.01,-0.01,"[6.40556416e-08 8.90468765e-08 2.52303263e-08 2.35876933e-08
 4.40444051e-05 7.35138935e-08 2.52992938e-08 2.53752132e-08
 2.41964901e-08 3.63746175e-05 2.61984847e-09 1.15849129e-08
 1.25030346e-11 1.20592397e-08 5.95557646e-06 1.91557875e-08
 5.91903082e-08 6.21063053e-08 6.49218578e-11 3.07794857e-05
 9.51571680e-02 3.08015506e-01 1.11268540e-01 1.04774099e-01
 3.80667015e-01]","[-16.79035478 -16.77069566 -16.84867664 -16.85247046 -16.38161062
 -16.76217306 -16.82718553 -16.82788518 -16.83045551 -16.37306569
 -16.98167626 -16.89029382 -17.31659606 -16.8879635  -16.49897352
 -16.853188   -16.78392928 -16.78109963 -17.21005344 -16.39189331
 -15.88594687 -15.81386214 -15.87689652 -15.88024354 -15.80050842]"
0,1,1,3,4,-0.01,-0.01,"[4.19243305e-09 4.41416856e-09 1.50472134e-09 4.42386299e-09
 2.74461970e-05 2.61913446e-09 2.38492705e-09 1.06927262e-09
 2.62431697e-09 1.62864193e-05 2.18583364e-09 2.71449659e-09
 2.73091165e-09 2.73018850e-09 1.69727575e-05 1.60784909e-09
 1.73769038e-09 1.74377873e-09 9.32280563e-10 1.08440496e-05
 1.26653035e-01 1.38631709e-01 5.67472278e-02 1.39428650e-01
 5.38467790e-01]","[-17.28414891 -17.2812167  -17.34716719 -17.28108697 -16.73493393
 -17.29191289 -17.29733119 -17.34676363 -17.2917964  -16.74562543
 -17.3257652  -17.31278473 -17.31245826 -17.31247307 -16.76620081
 -17.32070529 -17.31617742 -17.31600113 -17.35415057 -16.76970926
 -16.19450453 -16.18921017 -16.24392504 -16.18890709 -16.10426448]"
0,1,2,4,2,-0.01,-0.01,"[3.59532625e-09 3.62397526e-09 3.62353154e-09 3.28612806e-09
 2.32490050e-05 2.51575064e-09 2.49001586e-09 2.51554983e-09
 2.33504685e-09 1.61406213e-05 3.74663976e-09 3.77925203e-09
 3.38973037e-09 3.78396827e-09 2.42754887e-05 3.34279201e-09
 3.42547118e-09 3.42948443e-09 3.42970997e-09 2.20021299e-05
 1.25463745e-01 1.26448255e-01 1.26562035e-01 1.17436501e-01
 5.04003743e-01]","[-19.31291256 -19.31249304 -19.3125     -19.31822742 -18.76437373
 -19.31360893 -19.31415656 -19.31361349 -19.31796304 -18.76548483
 -19.31052764 -19.31005937 -19.31647608 -19.30999858 -18.7618791
 -19.31707952 -19.31569087 -19.31563155 -19.31562817 -18.76750976
 -18.21453952 -18.21411803 -18.21407543 -18.21844271 -18.12757855]"
0,1,3,2,0,-0.01,-0.01,"[1.41018169e-07 1.44489405e-07 3.58088371e-08 1.18235211e-07
 7.75678769e-05 8.89616329e-08 8.62800286e-08 2.34857968e-08
 7.71439467e-08 4.77585755e-05 6.95443932e-08 7.40749128e-08
 6.25245651e-08 7.45783542e-08 4.00380526e-05 3.14058732e-07
 3.36134311e-07 3.38369233e-07 5.42063501e-08 1.81652900e-04
 2.24287200e-01 2.29223891e-01 6.08256498e-02 1.99508255e-01
 2.85805948e-01]","[-17.38880158 -17.38751788 -17.47334548 -17.39944807 -16.99345103
 -17.39581716 -17.39744368 -17.47776425 -17.4042623  -17.00174992
 -17.43603882 -17.43237494 -17.44248036 -17.43200561 -17.03793666
 -17.34143266 -17.3375234  -17.33716083 -17.45021986 -16.94309322
 -16.47884988 -16.47768424 -16.5593496  -16.48593245 -16.46366622]"
0,1,4,4,2,-0.01,-0.01,"[3.53875692e-09 3.57412477e-09 3.47639540e-09 3.57446201e-09
 2.29263982e-05 2.50523284e-09 2.47710914e-09 2.46130390e-09
 2.50541511e-09 1.60697505e-05 3.47304901e-09 3.53022563e-09
 3.53430106e-09 3.53409665e-09 2.26693004e-05 2.47729827e-09
 2.49642291e-09 2.49857224e-09 2.46781561e-09 1.60272059e-05
 1.24585429e-01 1.25579537e-01 1.23451478e-01 1.25716815e-01
 5.00588999e-01]","[-17.57277428 -17.57223388 -17.57380164 -17.57222893 -17.02412071
 -17.57275753 -17.57337078 -17.57374728 -17.57275376 -17.02464509
 -17.57382618 -17.57290967 -17.57285063 -17.57285357 -17.02474133
 -17.5733969  -17.57297636 -17.57293397 -17.57361575 -17.02482083
 -16.47385672 -16.47342216 -16.47438217 -16.47336781 -16.38687502]"
0,1,5,4,0,-0.01,-0.01,"[1.15751301e-07 1.15994178e-07 8.56493899e-08 1.16958815e-07
 6.23320455e-05 7.99687060e-08 7.98758455e-08 6.00437385e-08
 8.05777898e-08 4.29714728e-05 9.71723264e-08 9.81158047e-08
 9.67114696e-08 9.82314159e-08 5.27802380e-05 7.22606071e-08
 7.22413596e-08 7.22954344e-08 5.83947532e-08 3.88492624e-05
 1.99976005e-01 1.99864280e-01 1.50155423e-01 2.01543787e-01
 2.48262173e-01]","[-18.90662938 -18.90655928 -18.92481777 -18.90603728 -18.51243411
 -18.90806742 -18.90807716 -18.92532245 -18.90759542 -18.51394441
 -18.91690419 -18.91637427 -18.91717819 -18.91631626 -18.52219891
 -18.91412957 -18.91418043 -18.9141452  -18.92691544 -18.52002052
 -17.99163072 -17.99170006 -18.00892789 -17.99119068 -17.97788267]"
0,1,6,4,2,-0.01,-0.01,"[1.10547148e-07 1.10749151e-07 1.07453674e-07 1.10776440e-07
 5.89218408e-05 7.79143204e-08 7.77810668e-08 7.58368309e-08
 7.79455273e-08 4.14534855e-05 1.08314613e-07 1.08638651e-07
 1.08241968e-07 1.08682311e-07 5.78249570e-05 7.72100854e-08
 7.72859244e-08 7.73074806e-08 7.56638737e-08 4.11301340e-05
 1.91823395e-01 1.91990720e-01 1.86925328e-01 1.92119535e-01
 2.36940201e-01]","[-18.99927094 -18.99918472 -19.00090582 -18.99916294 -18.60565668
 -18.99947431 -18.99955286 -19.00101381 -18.99944576 -18.60594512
 -19.00039532 -19.00023933 -19.0004324  -19.00022074 -18.60668974
 -18.99998455 -18.99993927 -18.99992662 -19.00113631 -18.60639819
 -18.08395059 -18.08391194 -18.08543761 -18.08387127 -18.07048727]"
0,1,7,1,1,-0.01,-0.01,"[1.10811882e-07 1.10923307e-07 1.10246336e-07 1.10905668e-07
 5.86210841e-05 7.82933091e-08 7.82161547e-08 7.78956033e-08
 7.82877743e-08 4.13765845e-05 1.10366450e-07 1.10509517e-07
 1.10356960e-07 1.10530402e-07 5.84136683e-05 7.81355633e-08
 7.81806246e-08 7.81909345e-08 7.78433000e-08 4.13224248e-05
 1.91285009e-01 1.91391430e-01 1.90441968e-01 1.91402673e-01
 2.35277677e-01]","[-19.00610738 -19.00606012 -19.00638861 -19.00606595 -18.61293428
 -19.00615828 -19.00620415 -19.00643103 -19.00615995 -18.61303259
 -19.00632015 -19.00625527 -19.00632475 -19.00624689 -18.61312081
 -19.00626275 -19.00623557 -19.00622984 -19.00646494 -18.61310424
 -18.09108063 -18.09105475 -18.09132227 -18.09105083 -18.07786938]"
0,1,8,4,3,-0.01,-0.01,"[3.59740741e-09 3.60012017e-09 3.59443762e-09 3.59980790e-09
 2.28248176e-05 3.59731558e-09 3.59744504e-09 3.58984552e-09
 3.59699914e-09 2.28070230e-05 3.59518653e-09 3.59154900e-09
 3.59238631e-09 3.59506110e-09 2.27927478e-05 2.54222339e-09
 2.54087125e-09 2.54214296e-09 2.53838042e-09 1.61172305e-05
 1.25980749e-01 1.25910599e-01 1.25779731e-01 1.25966578e-01
 4.96277748e-01]","[-19.05536824 -19.05533293 -19.05541247 -19.05533633 -18.50790275
 -19.05536646 -19.05536466 -19.0554725  -19.0553701  -18.50793631
 -19.05539801 -19.05544682 -19.05543538 -19.0553998  -18.5079696
 -19.05539949 -19.05542411 -19.0554011  -19.05547491 -18.5079709
 -17.95666848 -17.95669433 -17.95674932 -17.95667361 -17.87082532]"
0,1,9,4,4,-0.01,-0.01,"[2.23953068e-13 2.41058449e-13 2.01776591e-13 2.37225853e-13
 1.28820331e-10 3.37229424e-09 5.17149952e-12 2.77087633e-09
 3.33311390e-09 1.80244376e-06 1.05070857e-10 1.15859414e-07
 1.05839016e-07 1.20911985e-07 6.46005971e-05 7.73011339e-11
 9.00541937e-08 9.14565224e-08 7.60202790e-08 4.88620704e-05
 2.12284895e-04 2.42269188e-01 2.08989341e-01 2.43779087e-01
 3.04634224e-01]","[-16.98456091 -16.98032083 -16.99084566 -16.98122995 -16.58652333
 -16.40441258 -16.80759336 -16.4159861  -16.40506516 -16.01060577
 -16.62473318 -16.18770518 -16.1929815  -16.18522022 -15.79143655
 -16.622151   -16.18179742 -16.18093095 -16.19175601 -15.7871487
 -15.70023175 -15.26113529 -15.26985372 -15.26078216 -15.24665494]"
0,1,10,4,4,-0.01,-0.01,"[7.66914474e-08 7.85097836e-08 7.49502657e-08 7.81599542e-08
 4.15344463e-05 2.72964138e-07 6.32029522e-08 2.67076896e-07
 2.71780973e-07 1.44429083e-04 4.53941635e-08 1.31532689e-07
 1.36088973e-07 1.37910097e-07 7.29532208e-05 3.08842743e-08
 8.51948721e-08 8.76678609e-08 8.68708093e-08 4.63791501e-05
 7.74861106e-02 2.13645923e-01 2.18937854e-01 2.19274038e-01
 2.70348854e-01]","[-18.84612004 -18.84481376 -18.84747272 -18.84505403 -18.45162387
 -18.76729697 -18.85738078 -18.7684335  -18.76752987 -18.37409792
 -18.87601409 -18.81057498 -18.80850546 -18.80784437 -18.41465971
 -18.87819173 -18.81582208 -18.81418048 -18.81457215 -18.42099091
 -17.96162332 -17.89928227 -17.89776896 -17.89777795 -17.88444091]"
0,1,11,3,0,-0.01,0.2,"[1.07694825e-07 1.08288768e-07 1.07265934e-07 1.08182674e-07
 5.70423929e-05 1.17437594e-07 1.05706460e-07 1.16740803e-07
 1.17319842e-07 6.18546282e-05 1.04805534e-07 1.12775540e-07
 1.13189548e-07 1.13700556e-07 5.98891169e-05 7.38361815e-08
 7.89489091e-08 7.92964740e-08 7.89772525e-08 4.17682747e-05
 1.80756410e-01 1.93267058e-01 1.93621561e-01 1.93997951e-01
 2.38134821e-01]","[-18.99702107 -18.99673231 -18.99724648 -18.99678066 -18.60380246
 -18.99205126 -18.99825317 -18.99235275 -18.99210076 -18.5991285
 -18.99874533 -18.99441891 -18.99420487 -18.99397969 -18.60105401
 -18.99895923 -18.99501853 -18.99478707 -18.99498225 -18.60186033
 -18.08379463 -18.07985625 -18.07974438 -18.07965469 -18.0665676 ]"
0,1,12,1,3,-0.01,0.2,"[3.58577611e-09 3.59209682e-09 3.59221135e-09 3.57960778e-09
 2.27137582e-05 3.63246116e-09 3.57931624e-09 3.63263049e-09
 3.62160477e-09 2.29702382e-05 3.58558542e-09 3.61711596e-09
 3.61353176e-09 3.62197390e-09 2.29032625e-05 3.56925284e-09
 3.60451854e-09 3.61426490e-09 3.61444819e-09 2.28557051e-05
 1.25009588e-01 1.26112525e-01 1.26277266e-01 1.26086852e-01
 4.96422268e-01]","[-18.98580495 -18.98571692 -18.98571527 -18.98589703 -18.43844247
 -18.98510335 -18.9859248  -18.98510092 -18.98525389 -18.4378255
 -18.98584099 -18.98535153 -18.98540165 -18.98528605 -18.43800999
 -18.98607355 -18.98551902 -18.98538019 -18.98537761 -18.43810088
 -17.88737839 -17.88688695 -17.88682298 -17.88689465 -17.80110306]"
0,1,13,1,0,-0.01,0.2,"[1.97513295e-09 2.51943571e-09 2.44842088e-12 2.23853894e-09
 1.62500909e-05 3.91922455e-09 3.92106483e-09 3.33638248e-12
 3.24375417e-09 2.52780433e-05 3.15856899e-15 1.94906095e-15
 2.71028973e-15 3.15385734e-15 2.03415203e-11 6.50277639e-09
 3.92355276e-09 6.49447177e-09 4.74048594e-12 4.18902475e-05
 1.51931292e-01 1.05718342e-01 1.52793226e-04 1.34340932e-01
 6.07773188e-01]","[-17.77665713 -17.76218755 -18.19575074 -17.769257   -17.21375624
 -17.7550422  -17.75501381 -18.19687168 -17.76643051 -17.20661227
 -18.61095515 -18.64015722 -18.62000062 -18.61104174 -18.06261208
 -17.71422156 -17.74469254 -17.71429547 -18.16547309 -17.16586201
 -16.65160984 -16.6733549  -17.08303052 -16.6589627  -16.56483464]"
0,1,14,4,2,-0.01,-0.01,"[2.48419791e-09 2.58275758e-09 7.53801214e-10 2.41424453e-09
 1.67965620e-05 4.35097215e-09 4.35412234e-09 1.08228312e-09
 3.88113249e-09 2.82993875e-05 2.31958911e-09 1.94252312e-09
 2.15264155e-09 2.31826220e-09 1.50773116e-05 1.01463784e-08
 8.90515460e-09 1.01402349e-08 1.83973822e-09 6.59547104e-05
 1.38915314e-01 1.29790618e-01 4.05066871e-02 1.29525022e-01
 5.61136170e-01]","[-19.2973299  -19.29517176 -19.3709005  -19.29910649 -18.74626668
 -19.28447142 -19.28442875 -19.3700634  -19.29120912 -18.73555858
 -19.32662989 -19.33716638 -19.33097413 -19.32666221 -18.77775358
 -19.23441628 -19.24205387 -19.23445061 -19.33977002 -18.68553676
 -18.19167402 -18.1955593  -18.26744784 -18.19575253 -18.10431659]"
0,1,15,4,2,-0.01,-0.01,"[6.93815510e-08 7.36619825e-08 7.14911486e-08 7.30640747e-08
 3.98187036e-05 1.08074030e-07 1.06410150e-07 9.61824401e-08
 1.06262962e-07 5.84336095e-05 1.11443937e-07 9.44221431e-08
 1.10336903e-07 1.11442230e-07 6.02446464e-05 1.17792480e-07
 1.08179628e-07 1.17780989e-07 1.12493667e-07 6.36826904e-05
 1.94790377e-01 1.81024384e-01 1.88376832e-01 1.93061947e-01
 2.42522692e-01]","[-18.16434812 -18.16089699 -18.16258661 -18.16132898 -17.76642159
 -18.15857424 -18.15941746 -18.16543458 -18.15950709 -17.76408479
 -18.15675359 -18.16660941 -18.15730596 -18.15678322 -17.76230423
 -18.15355353 -18.15854407 -18.15359324 -18.15621085 -17.75910309
 -17.24120105 -17.24549049 -17.24312151 -17.24170051 -17.22725254]"
0,1,16,4,0,-0.01,-0.01,"[7.61768763e-08 7.68853343e-08 7.64806271e-08 7.67149524e-08
 4.11036577e-05 1.09404273e-07 1.08967092e-07 1.07529671e-07
 1.08918898e-07 5.84864302e-05 1.09756547e-07 1.07321025e-07
 1.09467942e-07 1.09804933e-07 5.86946920e-05 1.10590354e-07
 1.09194289e-07 1.10641413e-07 1.09737920e-07 5.91580055e-05
 1.91542512e-01 1.89599748e-01 1.90479917e-01 1.91176600e-01
 2.36982163e-01]","[-17.05368953 -17.05319102 -17.05346868 -17.05330168 -16.65937289
 -17.05282088 -17.05302614 -17.05378245 -17.05305271 -16.65900508
 -17.05263361 -17.05390253 -17.05277039 -17.05261683 -16.65880735
 -17.05221882 -17.05292367 -17.05220231 -17.0526396  -16.65837572
 -16.13700287 -16.13756658 -16.13730362 -16.13710229 -16.123427  ]"
0,1,17,4,4,-0.01,-0.01,"[7.77083698e-08 7.79100215e-08 7.77836739e-08 7.78403071e-08
 4.12969543e-05 1.10407870e-07 1.10240304e-07 1.09911124e-07
 1.10214233e-07 5.85215072e-05 1.10462604e-07 1.09868491e-07
 1.10341475e-07 1.10485174e-07 5.85634475e-05 1.10650415e-07
 1.10278482e-07 1.10678998e-07 1.10406340e-07 5.86657631e-05
 1.91289563e-01 1.90816720e-01 1.90990782e-01 1.91153118e-01
 2.35531134e-01]","[-18.89043744 -18.89030649 -18.89038688 -18.89034899 -18.49700139
 -18.89019084 -18.89026458 -18.89042774 -18.89027796 -18.49688707
 -18.89016113 -18.89045087 -18.89021566 -18.89015351 -18.49684871
 -18.89007261 -18.8902495  -18.89006217 -18.89018564 -18.49675782
 -17.97495358 -17.97508265 -17.97503325 -17.97498849 -17.96167044]"
0,1,18,0,1,-0.01,-0.01,"[7.83575818e-08 7.84446450e-08 7.83869987e-08 7.84065858e-08
 4.13642746e-05 1.11049500e-07 1.10961318e-07 1.10850456e-07
 1.10945997e-07 5.85571481e-05 1.11056190e-07 1.10838747e-07
 1.10991544e-07 1.11071935e-07 5.85690147e-05 1.11119336e-07
 1.10967977e-07 1.11137482e-07 1.11012424e-07 5.86036652e-05
 1.91314159e-01 1.91138676e-01 1.91190094e-01 1.91241939e-01
 2.34896392e-01]","[-18.99878074 -18.99872711 -18.9987621  -18.9987495  -18.60573582
 -18.9986731  -18.99871044 -18.99876304 -18.99871784 -18.60568165
 -18.99866858 -18.99876908 -18.99869637 -18.99866267 -18.60567118
 -18.99863988 -18.99870837 -18.99863285 -18.99868714 -18.60564126
 -18.08376033 -18.08380584 -18.08379179 -18.08377811 -18.07064991]"
0,1,19,4,3,-0.01,-0.01,"[3.60184384e-09 3.60171975e-09 3.59848828e-09 3.59957142e-09
 2.28007186e-05 3.60501013e-09 3.60238075e-09 3.60355400e-09
 3.60395160e-09 2.28213469e-05 3.59914296e-09 3.60310265e-09
 3.60150474e-09 3.60297535e-09 2.28084136e-05 3.60054369e-09
 3.60380678e-09 3.60367898e-09 3.60167202e-09 2.28128814e-05
 1.25973701e-01 1.26044484e-01 1.25990576e-01 1.26003536e-01
 4.95896402e-01]","[-18.89756048 -18.89756221 -18.89760562 -18.89759021 -18.35022012
 -18.89752058 -18.89755474 -18.89753872 -18.89753332 -18.35017904
 -18.89759733 -18.89754401 -18.89756422 -18.89754583 -18.35020443
 -18.89757758 -18.8975345  -18.89753632 -18.89756205 -18.35019488
 -17.79892666 -17.79890038 -17.7989203  -17.79891528 -17.71313417]"
0,1,20,4,2,-0.01,-0.01,"[5.03951588e-12 4.51738046e-09 4.08857737e-09 4.18516842e-09
 2.41441061e-06 9.78675819e-14 9.20659322e-14 8.88670571e-14
 9.11409938e-14 5.23027268e-11 1.26986015e-07 9.64387339e-11
 1.22212256e-07 1.33378191e-07 7.12683075e-05 1.30991379e-07
 9.98298449e-11 1.37026244e-07 1.21742085e-07 7.32191336e-05
 2.40257430e-01 1.77099743e-04 2.25736368e-01 2.30480543e-01
 3.03200871e-01]","[-18.09608814 -17.67266942 -17.6784389  -17.67704934 -17.27886448
 -18.32540607 -18.32891267 -18.33102461 -18.32951547 -17.93160574
 -17.46939631 -17.91782781 -17.47154567 -17.46651383 -17.07272417
 -17.46758155 -17.91578863 -17.46494761 -17.47182028 -17.07115664
 -16.54900582 -16.99921913 -16.55259671 -16.55136393 -16.53429723]"
0,1,21,4,3,-0.01,-0.01,"[6.51606449e-08 2.44548345e-07 2.40444000e-07 2.41869878e-07
 1.29481447e-04 8.12531320e-08 7.97114413e-08 7.89523285e-08
 7.93970586e-08 4.30215682e-05 1.27119998e-07 4.97116924e-08
 1.31601378e-07 1.32426226e-07 7.01177399e-05 1.27784755e-07
 5.00178929e-08 1.32940908e-07 1.31317727e-07 7.03898239e-05
 2.12293815e-01 8.51309141e-02 2.16870889e-01 2.17730030e-01
 2.67659346e-01]","[-18.95509353 -18.87374578 -18.87462031 -18.87427822 -18.48050602
 -18.94212594 -18.94318674 -18.94374529 -18.94341783 -18.54888567
 -18.91264847 -18.97032817 -18.91056047 -18.91029781 -18.51705642
 -18.91235702 -18.96997536 -18.9100859  -18.91069639 -18.5168449
 -17.99968663 -18.05578092 -17.99837894 -17.99815392 -17.9850555 ]"
0,1,22,1,4,-0.01,-0.01,"[1.05965582e-07 1.16719988e-07 1.16112890e-07 1.16230998e-07
 6.15074502e-05 1.08397065e-07 1.07876806e-07 1.07655146e-07
 1.07760730e-07 5.71221278e-05 1.12438705e-07 1.05369247e-07
 1.12884769e-07 1.13263209e-07 5.96864293e-05 1.12564880e-07
 1.05498760e-07 1.13365342e-07 1.12870352e-07 5.97401565e-05
 1.93159769e-01 1.81599923e-01 1.93467913e-01 1.93600520e-01
 2.37932045e-01]","[-19.00426235 -18.99857484 -18.99883891 -18.99878258 -18.60562166
 -19.00283692 -19.00308847 -19.00320364 -19.00314888 -18.60988313
 -19.00076109 -19.00458682 -19.00053269 -19.00036971 -18.60741593
 -19.00070105 -19.0045196  -19.00032229 -19.00054202 -18.6073686
 -18.08604727 -18.08967228 -18.08595117 -18.08591391 -18.07277286]"
0,1,23,4,0,-0.01,-0.01,"[2.54658513e-09 2.54907990e-09 2.54479294e-09 2.54524501e-09
 1.61249688e-05 3.60678047e-09 3.60692626e-09 3.59607612e-09
 3.59705418e-09 2.28157708e-05 3.60898018e-09 3.59930752e-09
 3.60081420e-09 3.60893036e-09 2.28293990e-05 3.60993065e-09
 3.60050225e-09 3.60988047e-09 3.60080407e-09 2.28353932e-05
 1.26128949e-01 1.25950359e-01 1.25909754e-01 1.25932280e-01
 4.95993999e-01]","[-19.42498367 -19.42493661 -19.42502146 -19.42501199 -18.87763811
 -19.42489882 -19.42489678 -19.42505295 -19.42503817 -18.87760032
 -19.42486903 -19.4250063  -19.42498446 -19.42486967 -18.87757111
 -19.42485515 -19.42498862 -19.42485579 -19.42498496 -18.87755726
 -18.32628516 -18.32635473 -18.32637266 -18.32636311 -18.24054643]"
0,1,24,1,4,-0.01,-0.01,"[3.27447282e-08 5.94904019e-08 5.98748526e-08 5.98871284e-08
 3.18166012e-05 8.16447888e-08 8.10392132e-08 8.08504377e-08
 8.09093033e-08 4.36645946e-05 1.28826674e-07 5.34531510e-08
 1.26171683e-07 1.25729361e-07 6.72425962e-05 1.28771077e-07
 5.34882374e-08 1.25683318e-07 1.26087164e-07 6.72180029e-05
 2.16692997e-01 9.27421231e-02 2.13706330e-01 2.13733133e-01
 2.62914070e-01]","[-18.722688   -18.68632871 -18.68589541 -18.68588547 -18.29248688
 -18.69025042 -18.69064737 -18.69078014 -18.69073895 -18.29640943
 -18.66104536 -18.71486063 -18.6622584  -18.66253062 -18.26868866
 -18.66107516 -18.71482346 -18.66255628 -18.66229907 -18.26871429
 -17.74761449 -17.79953236 -17.74841272 -17.74840771 -17.73521582]"
0,1,25,1,4,-0.01,-0.01,"[2.51798592e-09 2.52140421e-09 2.51591123e-09 2.51620978e-09
 1.61188128e-05 3.56841695e-09 3.56855215e-09 3.55441077e-09
 3.55506706e-09 2.28121431e-05 3.57194828e-09 3.55876668e-09
 3.56086349e-09 3.57188161e-09 2.28343053e-05 3.57257546e-09
 3.55956192e-09 3.57250854e-09 3.56085371e-09 2.28383075e-05
 1.25561031e-01 1.25315826e-01 1.25278023e-01 1.25293005e-01
 4.98467458e-01]","[-19.05695696 -19.05689045 -19.05700182 -19.05699542 -18.5089756
 -19.05683675 -19.05683487 -19.05704337 -19.05703321 -18.5089219
 -19.05678701 -19.05697908 -19.05694787 -19.05678789 -18.50887301
 -19.05677765 -19.05696704 -19.05677853 -19.05694826 -18.50886367
 -17.95790762 -17.95800532 -17.95802259 -17.95801613 -17.87159648]"
0,1,26,2,2,0.2,-0.01,"[2.48846570e-09 2.49017547e-09 2.48755006e-09 2.48765213e-09
 1.61378253e-05 3.52288116e-09 3.52297353e-09 3.51605377e-09
 3.51628170e-09 2.28299117e-05 3.52470979e-09 3.51816543e-09
 3.51933938e-09 3.52467433e-09 2.28417767e-05 3.52492758e-09
 3.51844552e-09 3.52489203e-09 3.51934087e-09 2.28431869e-05
 1.24653989e-01 1.24530329e-01 1.24517917e-01 1.24523078e-01
 5.01689983e-01]","[-19.4140918  -19.4140595  -19.41411125 -19.41410911 -18.86535393
 -19.4140332  -19.41403193 -19.4141317  -19.41412823 -18.86532889
 -19.41400823 -19.41410138 -19.41408418 -19.41400868 -18.86530371
 -19.41400503 -19.4140972  -19.41400549 -19.41408423 -18.86530052
 -18.31483264 -18.31488038 -18.31488607 -18.3148839  -18.22769719]"
0,1,27,1,4,0.2,-0.01,"[2.42109681e-09 2.46475617e-09 2.46464457e-09 2.46476654e-09
 1.60711127e-05 3.45458730e-09 3.45112831e-09 3.45100586e-09
 3.45460853e-09 2.25253908e-05 3.51928666e-09 3.42643862e-09
 3.51635284e-09 3.51618477e-09 2.29266769e-05 2.48485115e-09
 2.42337255e-09 2.48297114e-09 2.48330500e-09 1.61898192e-05
 1.24628553e-01 1.21545915e-01 1.24534876e-01 1.24536542e-01
 5.04676355e-01]","[-19.42703993 -19.42603519 -19.42603208 -19.42603501 -18.87697929
 -19.42649136 -19.42654029 -19.42654175 -19.42649109 -18.87743486
 -19.42547461 -19.42699762 -19.42552412 -19.42552656 -18.87647102
 -19.42556553 -19.42699168 -19.42560953 -19.42559757 -18.87655387
 -18.32625807 -18.32768366 -18.3262959  -18.32630125 -18.23875387]"
0,1,28,1,2,0.2,-0.01,"[2.77869574e-09 2.75330290e-09 1.17626595e-10 2.90093587e-09
 1.79898825e-05 4.30802282e-09 4.31290960e-09 1.74283392e-10
 4.57400361e-09 2.81488184e-05 2.65539212e-10 2.58587887e-10
 2.59539407e-10 2.65504757e-10 1.73493255e-06 3.98049925e-10
 4.02909827e-10 3.98012695e-10 3.51094719e-11 2.60072985e-06
 1.39590629e-01 1.40330610e-01 5.96622876e-03 1.47014867e-01
 5.67047167e-01]","[-19.05117539 -19.05182315 -19.24764609 -19.04859473 -18.50265021
 -19.04563025 -19.04556206 -19.24483098 -19.04191098 -18.49645614
 -19.21444304 -19.21593784 -19.21572887 -19.2144499  -18.66527185
 -19.16897385 -19.1681197  -19.16897875 -19.31935671 -18.61980231
 -17.95190957 -17.95147128 -18.14770186 -17.94870309 -17.86421659]"
0,1,29,3,2,-0.01,-0.01,"[2.51326397e-09 2.51216614e-09 2.07246369e-09 2.52646393e-09
 1.64503792e-05 3.59194853e-09 3.59259596e-09 2.92950543e-09
 3.61562023e-09 2.35211661e-05 3.19505256e-09 3.16913854e-09
 3.17338605e-09 3.19492678e-09 2.09216104e-05 2.35348362e-09
 2.35131335e-09 2.35341878e-09 2.04427324e-09 1.54109645e-05
 1.26512284e-01 1.26411418e-01 1.04350850e-01 1.27217315e-01
 5.15431784e-01]","[-19.4152818  -19.41533415 -19.42683655 -19.41499014 -18.86603633
 -19.41464439 -19.41463429 -19.42683287 -19.41424255 -18.8653464
 -19.4214158  -19.42185462 -19.42178113 -19.42141775 -18.87211902
 -19.41925452 -19.41927574 -19.41925587 -19.42761234 -18.86995764
 -18.31582479 -18.31583643 -18.32733579 -18.31548659 -18.22795714]"
0,1,30,4,1,-0.01,-0.01,"[2.41668308e-09 2.45462305e-09 2.45463341e-09 2.41179575e-09
 1.60947175e-05 3.46413914e-09 3.45836485e-09 3.46405003e-09
 3.37382025e-09 2.27136351e-05 3.54948028e-09 3.47434219e-09
 3.45506777e-09 3.54767133e-09 2.32614770e-05 3.46886410e-09
 3.36786359e-09 3.46685489e-09 3.46701394e-09 2.27314696e-05
 1.24378908e-01 1.21809532e-01 1.24319394e-01 1.22105263e-01
 5.07302049e-01]","[-19.42788771 -19.42702387 -19.4270237  -19.4280075  -18.87765167
 -19.42708549 -19.42716579 -19.42708693 -19.42857982 -18.87771432
 -19.42575234 -19.42695808 -19.42728058 -19.42578596 -18.87641443
 -19.42699802 -19.42868186 -19.42703536 -19.42703302 -18.87766412
 -18.32716795 -18.32834494 -18.32719882 -18.32820159 -18.23923763]"
0,1,31,4,2,-0.01,-0.01,"[8.41652168e-08 8.90436192e-08 7.10188430e-09 8.40989727e-08
 4.83171089e-05 1.59841738e-07 1.58227442e-07 1.08968527e-08
 1.46702111e-07 8.67432439e-05 2.34019542e-08 1.96699722e-08
 2.25501056e-08 2.34457603e-08 1.27246674e-05 1.22802441e-06
 1.08869510e-06 1.22954613e-06 4.40796179e-08 6.67276984e-04
 2.37531352e-01 2.21028512e-01 1.89979690e-02 2.24295821e-01
 2.97326864e-01]","[-18.65064058 -18.64750931 -18.80420036 -18.65085801 -18.25281192
 -18.63304819 -18.63349995 -18.79946549 -18.63809507 -18.23834397
 -18.75298922 -18.7633389  -18.75512038 -18.7529137  -18.35820418
 -18.51005006 -18.51708595 -18.5100124  -18.71677396 -18.11530586
 -17.72730792 -17.73143764 -17.88385174 -17.73069349 -17.71303846]"
0,1,32,4,0,-0.01,-0.01,"[7.78625734e-08 7.84949374e-08 6.75098822e-08 7.79145190e-08
 4.21249609e-05 1.13504551e-07 1.13125712e-07 9.53041939e-08
 1.12056541e-07 6.09132095e-05 1.03284963e-07 1.00779522e-07
 1.02524970e-07 1.03375058e-07 5.54706776e-05 1.22654290e-07
 1.20987741e-07 1.22754400e-07 9.83860573e-08 6.58670016e-05
 1.96561568e-01 1.94949464e-01 1.69095030e-01 1.95187250e-01
 2.43980702e-01]","[-18.13584055 -18.13543054 -18.14439457 -18.13583139 -17.74138459
 -18.13407423 -18.13422615 -18.14447479 -18.1347795  -17.74002823
 -18.13951247 -18.14090479 -18.13991385 -18.13947269 -17.74543396
 -18.12942501 -18.13016324 -18.12938905 -18.14263269 -17.73535274
 -17.21895112 -17.21938413 -17.22790754 -17.21933597 -17.20517832]"
0,1,33,4,1,-0.01,-0.01,"[7.76602102e-08 7.78759183e-08 7.65544200e-08 7.77306125e-08
 4.13918369e-05 1.10616695e-07 1.10419586e-07 1.08250230e-07
 1.10232229e-07 5.87937063e-05 1.09315980e-07 1.08688299e-07
 1.09072037e-07 1.09351237e-07 5.81221711e-05 1.11487194e-07
 1.11041409e-07 1.11525496e-07 1.08734757e-07 5.92764053e-05
 1.91803408e-01 1.91342663e-01 1.88579499e-01 1.91480708e-01
 2.36574510e-01]","[-18.91315818 -18.91302105 -18.91398048 -18.91311454 -18.51955173
 -18.91276599 -18.91285123 -18.91398238 -18.91294581 -18.51929687
 -18.91341221 -18.91372225 -18.91352719 -18.91339849 -18.51992822
 -18.91231649 -18.91252523 -18.91230162 -18.91373698 -18.51883285
 -17.99748859 -17.99761118 -17.9984416  -17.99757486 -17.98409913]"
0,1,34,1,0,-0.01,-0.01,"[7.82438528e-08 7.83389151e-08 7.80489867e-08 7.82784504e-08
 4.13743204e-05 1.10966245e-07 1.10860323e-07 1.10399411e-07
 1.10802227e-07 5.86059020e-05 1.10692327e-07 1.10465278e-07
 1.10584980e-07 1.10711849e-07 5.84718075e-05 1.11130609e-07
 1.10952509e-07 1.11151379e-07 1.10540944e-07 5.87038757e-05
 1.91391543e-01 1.91211414e-01 1.90701445e-01 1.91263939e-01
 2.35212860e-01]","[-18.52262866 -18.5225708  -18.52276612 -18.52260746 -18.12948364
 -18.52248186 -18.52252683 -18.52275381 -18.52255488 -18.12939512
 -18.52261034 -18.52271582 -18.52265813 -18.52260278 -18.12951576
 -18.5224005  -18.52248085 -18.52239236 -18.52268625 -18.12930541
 -17.60750253 -17.60754874 -17.60769405 -17.60753495 -17.5943343 ]"
0,1,35,2,4,0.2,-0.01,"[2.54323141e-09 2.54400586e-09 2.54045002e-09 2.54257701e-09
 1.61230681e-05 3.59851617e-09 3.59864512e-09 3.59182939e-09
 3.59503625e-09 2.28070521e-05 3.59653936e-09 3.59343343e-09
 3.59355960e-09 3.59652128e-09 2.27944157e-05 3.60054969e-09
 3.59746065e-09 3.60053157e-09 3.59310626e-09 2.28198422e-05
 1.25995545e-01 1.25944855e-01 1.25821965e-01 1.25927463e-01
 4.96225574e-01]","[-19.27356334 -19.27355002 -19.27362026 -19.27357655 -18.72614159
 -19.27353484 -19.27353304 -19.27362926 -19.27358203 -18.72612409
 -19.2735639  -19.27360532 -19.27360384 -19.27356411 -18.72615335
 -19.27350635 -19.27354723 -19.27350657 -19.2736121  -18.72609578
 -18.17484779 -18.17486502 -18.17491642 -18.17487263 -18.08901808]"
0,1,36,3,4,-0.01,-0.01,"[2.49182274e-09 2.49776605e-09 2.49701512e-09 2.49777280e-09
 1.61302919e-05 3.52895396e-09 3.52692734e-09 3.52660582e-09
 3.52896810e-09 2.27895652e-05 3.53608577e-09 3.52420951e-09
 3.53616804e-09 3.53606701e-09 2.28352444e-05 2.49976853e-09
 2.49249009e-09 2.49970743e-09 2.49924459e-09 1.61426937e-05
 1.24885514e-01 1.24522883e-01 1.24845818e-01 1.24884010e-01
 5.00783829e-01]","[-19.4202843  -19.42016172 -19.42017469 -19.4201616  -18.8716586
 -19.42020797 -19.42023504 -19.42023943 -19.42020781 -18.87170492
 -19.42010184 -19.42027957 -19.42010181 -19.42010321 -18.87160084
 -19.42011903 -19.42027258 -19.42012122 -19.42012856 -18.87161863
 -18.32098771 -18.32114069 -18.32100232 -18.32098936 -18.23407323]"
0,1,37,1,1,-0.01,-0.01,"[2.78856123e-09 2.75866770e-09 2.75154218e-09 2.46130772e-10
 1.79543809e-05 4.46346322e-09 4.50820472e-09 4.44966738e-09
 3.66121426e-10 2.90507985e-05 3.27341783e-08 3.30007248e-08
 1.30425664e-09 3.27658709e-08 2.13254559e-04 7.56019074e-10
 7.27151874e-10 7.56787234e-10 7.56848659e-10 4.92532912e-06
 1.39946427e-01 1.41173398e-01 1.39698659e-01 1.25007610e-02
 5.66415445e-01]","[-19.16801967 -19.16881146 -19.16896759 -19.31848774 -18.61986094
 -19.16076336 -19.16007149 -19.16095014 -19.31563227 -18.61181063
 -19.041028   -19.04039812 -19.24117361 -19.04098472 -18.4920334
 -19.27226041 -19.27450548 -19.27221166 -19.27220743 -18.72326248
 -18.06884994 -18.06820422 -18.06896974 -18.21846364 -17.98138973]"
0,1,38,1,4,-0.01,-0.01,"[2.49476665e-09 2.49382426e-09 2.30224873e-09 2.47831874e-09
 1.62978637e-05 3.54407561e-09 3.54443574e-09 3.25492078e-09
 3.51470130e-09 2.31615823e-05 3.36674376e-09 3.35493423e-09
 3.34109254e-09 3.36668325e-09 2.20021883e-05 3.67501705e-09
 3.67004550e-09 3.67495215e-09 3.26825948e-09 2.40167894e-05
 1.25310038e-01 1.25289549e-01 1.15674075e-01 1.24522474e-01
 5.09118334e-01]","[-18.78881749 -18.78885252 -18.79354508 -18.78918893 -18.23966649
 -18.78854688 -18.78854139 -18.79354416 -18.78899928 -18.23936077
 -18.79143924 -18.79162066 -18.79185403 -18.79144009 -18.24225424
 -18.78635922 -18.78641136 -18.78636005 -18.79330071 -18.23717419
 -17.68945563 -17.68944708 -17.69415222 -17.68979511 -17.60175489]"
0,1,39,3,3,-0.01,-0.01,"[2.46789816e-09 2.46890475e-09 2.44160977e-09 2.46399731e-09
 1.61696706e-05 3.49519928e-09 3.49531399e-09 3.45153293e-09
 3.48501847e-09 2.28911922e-05 3.46955865e-09 3.46326234e-09
 3.45995663e-09 3.46952470e-09 2.27230458e-05 3.50974173e-09
 3.50446920e-09 3.50970744e-09 3.45277612e-09 2.29863581e-05
 1.24057596e-01 1.23965932e-01 1.22680538e-01 1.23806719e-01
 5.05404394e-01]","[-19.24513191 -19.24511556 -19.24573065 -19.24521697 -18.69580807
 -19.24504752 -19.24504591 -19.24574424 -19.24519858 -18.69574006
 -19.24544576 -19.24553657 -19.24558913 -19.2454462  -18.69613875
 -19.24480909 -19.2448813  -19.24480953 -19.24572558 -18.69550167
 -18.14572984 -18.14576259 -18.14634708 -18.14583273 -18.05786665]"
0,1,40,4,3,-0.01,-0.01,"[2.43518313e-09 2.45832506e-09 2.45835943e-09 2.45077684e-09
 1.61185951e-05 3.46196755e-09 3.45882010e-09 3.46202783e-09
 3.44560924e-09 2.26982384e-05 2.46557134e-09 2.43439318e-09
 2.45989030e-09 2.46471053e-09 1.61615649e-05 3.48750355e-09
 3.43606797e-09 3.48610281e-09 3.48621329e-09 2.28591916e-05
 1.24020873e-01 1.22439054e-01 1.23980816e-01 1.23606936e-01
 5.05874435e-01]","[-18.37434821 -18.37383047 -18.37382982 -18.37398972 -17.82445998
 -18.37403759 -18.37408084 -18.37403676 -18.37428864 -17.82466979
 -18.37366306 -18.3743712  -18.37378188 -18.37368412 -17.82430936
 -18.37363238 -18.37446234 -18.37365697 -18.37365541 -17.82428176
 -17.27422678 -17.2749412  -17.27424673 -17.27440132 -17.18629144]"
0,1,41,3,2,-0.01,-0.01,"[8.73896457e-08 8.82326234e-08 9.23546916e-08 6.65395777e-09
 4.78570607e-05 1.56166348e-07 1.56640333e-07 1.63872796e-07
 1.02080167e-08 8.47150830e-05 1.99575200e-08 1.97809346e-08
 2.75033807e-09 1.99598538e-08 1.08266824e-05 2.07629914e-08
 1.86925503e-08 2.07694420e-08 1.97919073e-08 1.12653831e-05
 2.29650837e-01 2.25672775e-01 2.40321638e-01 1.73543549e-02
 2.86844827e-01]","[-16.62289748 -16.62252995 -16.61967425 -16.78274279 -16.22785543
 -16.60899376 -16.60869568 -16.60596683 -16.77805534 -16.21431107
 -16.7106965  -16.71106919 -16.83317309 -16.71070794 -16.31603029
 -16.7344356  -16.7406283  -16.7344412  -16.737207   -16.33976605
 -15.70378553 -15.70465843 -15.70096028 -15.86388839 -15.68963362]"
0,1,42,0,4,-0.01,-0.01,"[2.45547615e-09 2.48399429e-09 2.48407872e-09 2.46638876e-09
 1.60848990e-05 3.51457996e-09 3.49697852e-09 3.51473902e-09
 3.47346514e-09 2.27594922e-05 2.48734887e-09 2.45746863e-09
 2.47587470e-09 2.48794305e-09 1.61113360e-05 3.52070273e-09
 3.46210570e-09 3.52225469e-09 3.52242194e-09 2.28099432e-05
 1.24919571e-01 1.23421658e-01 1.24964612e-01 1.24069804e-01
 5.02546541e-01]","[-19.13805815 -19.13742544 -19.13742376 -19.13780882 -18.58876677
 -19.13737339 -19.13763895 -19.13737111 -19.1380193  -18.58871164
 -19.13735477 -19.1380286  -19.13760233 -19.1373467  -18.58868466
 -19.13726646 -19.13820958 -19.13724674 -19.13724435 -18.58858294
 -18.03794199 -18.03861336 -18.03792783 -18.03831191 -17.95083964]"
0,1,43,0,4,0.2,-0.01,"[3.53565974e-09 3.53538984e-09 3.54166154e-09 3.33478023e-09
 2.30438131e-05 3.53545382e-09 3.52878742e-09 3.54040664e-09
 3.35363790e-09 2.30434427e-05 2.44635662e-09 2.44883416e-09
 2.35472764e-09 2.44867992e-09 1.59609828e-05 3.39488180e-09
 3.41073897e-09 3.41069292e-09 3.40043957e-09 2.22328154e-05
 1.24873245e-01 1.24995605e-01 1.25164425e-01 1.18581812e-01
 5.06300580e-01]","[-19.40777422 -19.40777826 -19.40766986 -19.41117432 -18.85874282
 -19.40781886 -19.4079031  -19.40773259 -19.41088469 -18.85878557
 -19.40905039 -19.40900972 -19.4112634  -19.40901308 -18.85997614
 -19.41003516 -19.40979056 -19.40979122 -19.40994685 -18.8607508
 -18.30871378 -18.30867661 -18.30859389 -18.3117359  -18.22115704]"
0,1,44,4,1,-1.0,-1.0,"[4.28684921e-15 4.28342124e-15 4.21415859e-15 1.49233552e-15
 2.79854892e-11 1.13841721e-10 2.76770986e-13 1.13149043e-10
 6.25330001e-11 7.43498174e-07 2.37087120e-12 2.04933496e-09
 1.03706876e-09 2.04179520e-09 1.33383758e-05 2.92768582e-12
 3.44160886e-09 3.43287742e-09 2.82789884e-09 2.24260343e-05
 1.92704525e-04 1.54099437e-01 1.52293542e-01 6.99672435e-02
 6.23410551e-01]","[-18.86897089 -18.86901781 -18.86992907 -18.93364965 -18.31984887
 -18.24501446 -18.62109238 -18.24530672 -18.28144786 -17.69586844
 -18.47481368 -18.05217404 -18.09353148 -18.05240126 -17.5032397
 -18.48149524 -18.03965524 -18.03981333 -18.05128315 -17.49065138
 -17.3459603  -16.92817497 -16.92880907 -16.97639521 -16.84073685]"
0,2,0,4,2,-0.01,-0.01,"[5.74560826e-10 2.34487295e-08 1.35550442e-08 3.66363774e-09
 1.15285448e-05 2.59382544e-08 1.08356941e-09 1.66226897e-08
 6.89019030e-09 1.27382686e-05 3.07282344e-08 2.05157926e-08
 1.92800099e-09 1.27090242e-07 6.24699407e-05 2.15843529e-09
 1.59565189e-09 6.53794752e-09 3.18789622e-10 3.21124321e-06
 1.23156380e-01 8.40317059e-02 2.55686593e-01 8.90612463e-02
 4.47973844e-01]","[-15.85872833 -15.62816008 -15.66169737 -15.74292172 -15.23944374
 -15.5987624  -15.79622927 -15.62589824 -15.68058127 -15.21011488
 -15.60436432 -15.62936321 -15.77681095 -15.51637288 -15.12767011
 -15.76448209 -15.78329644 -15.69596902 -15.88362596 -15.30731271
 -14.64482309 -14.66849651 -14.59921562 -14.66464027 -14.56451607]"
